{
  "IcoMoonType": "selection",
  "icons": [
    {
      "icon": {
        "paths": [
          "M764.288 214.591l-252.288 252.289-252.287-252.289c-6.068-5.553-14.044-8.55-22.267-8.368s-16.059 3.53-21.875 9.346c-5.816 5.816-9.164 13.652-9.346 21.875s2.815 16.199 8.368 22.267l252.159 252.289-252.223 252.224c-3.081 2.934-5.545 6.458-7.245 10.362-1.7 3.901-2.603 8.106-2.656 12.362s0.746 8.48 2.349 12.422c1.603 3.942 3.979 7.526 6.986 10.538 3.008 3.014 6.587 5.392 10.528 7.002s8.164 2.413 12.42 2.368c4.256-0.048 8.46-0.944 12.365-2.64 3.905-1.693 7.431-4.154 10.372-7.229l252.351-252.224 252.288 252.288c6.067 5.552 14.045 8.55 22.269 8.368 8.221-0.182 16.058-3.53 21.875-9.347 5.814-5.814 9.162-13.651 9.344-21.875 0.182-8.221-2.816-16.198-8.368-22.266l-252.288-252.288 252.288-252.353c3.082-2.937 5.546-6.46 7.245-10.362 1.702-3.902 2.605-8.105 2.656-12.361 0.054-4.256-0.746-8.48-2.349-12.424s-3.978-7.526-6.986-10.538c-3.008-3.012-6.589-5.393-10.528-7.001-3.942-1.609-8.163-2.413-12.419-2.367s-8.461 0.944-12.365 2.638c-3.907 1.695-7.434 4.153-10.374 7.23v0.064z"
        ],
        "attrs": [
          {
            "fill": "rgb(252, 252, 252)"
          }
        ],
        "isMulticolor": false,
        "isMulticolor2": false,
        "grid": 0,
        "tags": [
          "close"
        ],
        "colorPermutations": {
          "132161120124821078125225225212552552551": [
            {
              "f": 2
            }
          ]
        }
      },
      "attrs": [
        {
          "fill": "rgb(252, 252, 252)"
        }
      ],
      "properties": {
        "order": 54,
        "id": 6,
        "name": "close",
        "prevSize": 32
      },
      "setIdx": 0,
      "setId": 7,
      "iconIdx": 0
    },
    {
      "icon": {
        "paths": [
          "M2605.254 557.255c24.992-24.994 24.992-65.516 0-90.51l-407.296-407.293c-24.992-24.994-65.51-24.994-90.509 0-24.992 24.994-24.992 65.516 0 90.51l362.042 362.038-362.042 362.042c-24.992 24.992-24.992 65.51 0 90.509 24.998 24.992 65.517 24.992 90.509 0l407.296-407.295zM0 576h2560v-128h-2560v128z"
        ],
        "attrs": [
          {
            "fill": "rgb(252, 252, 252)"
          }
        ],
        "width": 2624,
        "isMulticolor": false,
        "isMulticolor2": false,
        "grid": 0,
        "tags": [
          "arrow-right"
        ],
        "colorPermutations": {
          "132161120124821078125225225212552552551": [
            {
              "f": 2
            }
          ]
        }
      },
      "attrs": [
        {
          "fill": "rgb(252, 252, 252)"
        }
      ],
      "properties": {
        "order": 55,
        "id": 5,
        "name": "arrow-right",
        "prevSize": 32
      },
      "setIdx": 0,
      "setId": 7,
      "iconIdx": 1
    },
    {
      "icon": {
        "paths": [
          "M855.466 448h-686.932c-22.386 0-40.533 13.61-40.533 30.4v3.2c0 16.79 18.148 30.4 40.533 30.4h686.932c22.387 0 40.534-13.61 40.534-30.4v-3.2c0-16.79-18.147-30.4-40.534-30.4z",
          "M855.466 640h-686.932c-22.386 0-40.533 13.61-40.533 30.4v3.2c0 16.79 18.148 30.4 40.533 30.4h686.932c22.387 0 40.534-13.61 40.534-30.4v-3.2c0-16.79-18.147-30.4-40.534-30.4z",
          "M855.466 256h-686.932c-22.386 0-40.533 13.611-40.533 30.4v3.2c0 16.789 18.148 30.4 40.533 30.4h686.932c22.387 0 40.534-13.611 40.534-30.4v-3.2c0-16.789-18.147-30.4-40.534-30.4z"
        ],
        "attrs": [
          {
            "fill": "rgb(255, 255, 255)"
          },
          {
            "fill": "rgb(255, 255, 255)"
          },
          {
            "fill": "rgb(255, 255, 255)"
          }
        ],
        "isMulticolor": false,
        "isMulticolor2": false,
        "grid": 0,
        "tags": [
          "menu_icon"
        ],
        "colorPermutations": {
          "132161120124821078125225225212552552551": [
            {
              "f": 3
            },
            {
              "f": 3
            },
            {
              "f": 3
            }
          ]
        }
      },
      "attrs": [
        {
          "fill": "rgb(255, 255, 255)"
        },
        {
          "fill": "rgb(255, 255, 255)"
        },
        {
          "fill": "rgb(255, 255, 255)"
        }
      ],
      "properties": {
        "order": 56,
        "id": 4,
        "name": "menu_icon",
        "prevSize": 32
      },
      "setIdx": 0,
      "setId": 7,
      "iconIdx": 2
    },
    {
      "icon": {
        "paths": [
          "M338.759 104.702c-11.998 12.001-18.738 28.277-18.738 45.248s6.74 33.246 18.738 45.248l316.8 316.8-316.8 316.799c-11.657 12.071-18.109 28.239-17.963 45.016 0.146 16.785 6.876 32.836 18.743 44.698 11.866 11.87 27.919 18.603 44.698 18.748s32.947-6.306 45.018-17.963l362.048-362.051c11.999-12.001 18.738-28.277 18.738-45.247s-6.74-33.247-18.738-45.248l-362.048-362.048c-12.001-11.999-28.277-18.738-45.248-18.738s-33.246 6.74-45.248 18.738z"
        ],
        "attrs": [
          {}
        ],
        "isMulticolor": false,
        "isMulticolor2": false,
        "grid": 0,
        "tags": [
          "menu-arrow-right"
        ],
        "colorPermutations": {
          "132161120124821078125225225212552552551": [
            {}
          ]
        }
      },
      "attrs": [
        {}
      ],
      "properties": {
        "order": 51,
        "id": 3,
        "name": "menu-arrow-right",
        "prevSize": 32
      },
      "setIdx": 0,
      "setId": 7,
      "iconIdx": 3
    },
    {
      "icon": {
        "paths": [
          "M512 1024c282.769 0 512-229.231 512-512 0-282.77-229.231-512-512-512-282.77 0-512 229.23-512 512 0 282.769 229.23 512 512 512z",
          "M654.261 511.41h-83.525v307.793h-126.548v-307.793h-60.187v-108.171h60.187v-69.999c0-50.055 23.639-128.438 127.675-128.438l93.738 0.395v104.998h-68.015c-11.156 0-26.841 5.608-26.841 29.485v63.663h94.572l-11.056 108.068z"
        ],
        "attrs": [
          {
            "fill": "rgb(248, 210, 78)"
          },
          {
            "fill": "rgb(132, 161, 120)"
          }
        ],
        "isMulticolor": true,
        "isMulticolor2": false,
        "grid": 0,
        "tags": [
          "facebook"
        ],
        "colorPermutations": {
          "132161120124821078125225225212552552551": [
            {
              "f": 1
            },
            {
              "f": 0
            }
          ]
        }
      },
      "attrs": [
        {
          "fill": "rgb(248, 210, 78)"
        },
        {
          "fill": "rgb(132, 161, 120)"
        }
      ],
      "properties": {
        "order": 48,
        "id": 2,
        "name": "facebook",
        "prevSize": 32
      },
      "setIdx": 0,
      "setId": 7,
      "iconIdx": 4
    },
    {
      "icon": {
        "paths": [
          "M1024 512c0 282.77-229.23 512-512 512s-512-229.23-512-512c0-282.77 229.23-512 512-512s512 229.23 512 512z",
          "M512 210.824c-165.424 0-301.176 135.752-301.176 301.176 0 141.161 99.054 269.393 230.587 301.176v-99.641c-13.032 2.852-25.025 2.936-38.295-0.976-17.797-5.253-32.259-17.107-42.996-35.186-6.843-11.544-18.971-24.064-31.621-23.145l-3.102-35.156c27.356-2.343 51.025 16.67 65.072 40.273 6.24 10.496 13.423 16.649 22.642 19.369 8.912 2.626 18.48 1.364 29.627-2.572 2.801-22.32 13.026-30.675 20.751-42.442v-0.018c-78.447-11.701-109.71-53.317-122.118-86.167-16.444-43.616-7.62-98.105 21.456-132.542 0.566-0.672 1.584-2.427 1.19-3.653-13.33-40.27 2.915-73.583 3.512-77.119 15.387 4.551 17.887-4.578 66.834 25.16l8.46 5.084c3.539 2.108 2.427 0.907 5.966 0.638 20.435-5.551 41.978-8.617 63.205-8.891 21.39 0.274 42.794 3.34 64.078 9.117l2.738 0.274c-0.238-0.036 0.744-0.172 2.394-1.157 61.145-37.036 58.949-24.931 75.345-30.262 0.593 3.539 16.622 37.394 3.433 77.155-1.78 5.478 53.010 55.648 22.642 136.18-12.408 32.864-43.668 74.481-122.115 86.182v0.018c10.056 15.327 22.136 23.48 22.073 55.097v124.38c131.539-31.783 230.587-160.015 230.587-301.176 0.006-165.424-135.746-301.176-301.17-301.176v0z"
        ],
        "attrs": [
          {
            "fill": "rgb(248, 210, 78)"
          },
          {
            "fill": "rgb(132, 161, 120)"
          }
        ],
        "isMulticolor": true,
        "isMulticolor2": false,
        "grid": 0,
        "tags": [
          "github"
        ],
        "colorPermutations": {
          "132161120124821078125225225212552552551": [
            {
              "f": 1
            },
            {
              "f": 0
            }
          ]
        }
      },
      "attrs": [
        {
          "fill": "rgb(248, 210, 78)"
        },
        {
          "fill": "rgb(132, 161, 120)"
        }
      ],
      "properties": {
        "order": 49,
        "id": 1,
        "name": "github",
        "prevSize": 32
      },
      "setIdx": 0,
      "setId": 7,
      "iconIdx": 5
    },
    {
      "icon": {
        "paths": [
          "M1024 512c0 282.77-229.23 512-512 512s-512-229.23-512-512c0-282.77 229.23-512 512-512s512 229.23 512 512z",
          "M411.747 588.011l-10.165 133.421c14.544 0 20.841-5.831 28.392-12.83l68.174-60.808 141.264 96.551c25.907 13.475 44.162 6.379 51.152-22.245l92.723-405.516 0.027-0.024c8.216-35.743-13.851-49.721-39.093-40.952l-545.037 194.754c-37.198 13.475-36.635 32.828-6.324 41.598l139.345 40.451 323.668-189.018c15.234-9.415 29.082-4.207 17.691 5.207l-261.819 219.41z"
        ],
        "attrs": [
          {
            "fill": "rgb(248, 210, 78)"
          },
          {
            "fill": "rgb(132, 161, 120)"
          }
        ],
        "isMulticolor": true,
        "isMulticolor2": false,
        "grid": 0,
        "tags": [
          "telegram"
        ],
        "colorPermutations": {
          "132161120124821078125225225212552552551": [
            {
              "f": 1
            },
            {
              "f": 0
            }
          ]
        }
      },
      "attrs": [
        {
          "fill": "rgb(248, 210, 78)"
        },
        {
          "fill": "rgb(132, 161, 120)"
        }
      ],
      "properties": {
        "order": 50,
        "id": 0,
        "name": "telegram",
        "prevSize": 32
      },
      "setIdx": 0,
      "setId": 7,
      "iconIdx": 6
    }
  ],
  "height": 1024,
  "preferences": {
    "showGlyphs": true,
    "showQuickUse": true,
    "showQuickUse2": true,
    "showSVGs": true,
    "fontPref": {
      "prefix": "icon-",
      "metadata": {
        "fontFamily": "icomoon",
        "majorVersion": 1,
        "minorVersion": 0
      },
      "metrics": {
        "emSize": 1024,
        "baseline": 6.25,
        "whitespace": 50
      },
      "embed": false
    },
    "imagePref": {
      "prefix": "icon-",
      "png": true,
      "useClassSelector": true,
      "color": 0,
      "bgColor": 16777215,
      "classSelector": ".icon",
      "name": "icomoon",
      "height": 32,
      "columns": 16,
      "margin": 16
    },
    "historySize": 50,
    "showCodes": false,
    "gridSize": 16,
    "showLiga": true
  }
}